id,rank_x,title_x,worldwideLifetimeGross_x,domesticLifetimeGross_x,domestic_x,foreignLifetimeGross_x,foreign_x,year_x,rank_y,title_y,worldwideLifetimeGross_y,domesticLifetimeGross_y,domestic_y,foreignLifetimeGross_y,foreign_y,year_y
tt0499549,1,Avatar,"$2,923,706,026","$785,221,649",26.9%,"$2,138,484,377",73.1%,2009,1,Avatar,"$2,923,706,026","$785,221,649",26.9%,"$2,138,484,377",73.1%,2009
tt4154796,2,Avengers: Endgame,"$2,799,439,100","$858,373,000",30.7%,"$1,941,066,100",69.3%,2019,2,Avengers: Endgame,"$2,799,439,100","$858,373,000",30.7%,"$1,941,066,100",69.3%,2019
tt1630029,3,Avatar: The Way of Water,"$2,320,250,281","$684,075,767",29.5%,"$1,636,174,514",70.5%,2022,3,Avatar: The Way of Water,"$2,320,250,281","$684,075,767",29.5%,"$1,636,174,514",70.5%,2022
tt0120338,4,Titanic,"$2,264,743,305","$674,292,608",29.8%,"$1,590,450,697",70.2%,1997,4,Titanic,"$2,264,743,305","$674,292,608",29.8%,"$1,590,450,697",70.2%,1997
tt2488496,5,Star Wars: Episode VII - The Force Awakens,"$2,071,310,218","$936,662,225",45.2%,"$1,134,647,993",54.8%,2015,5,Star Wars: Episode VII - The Force Awakens,"$2,071,310,218","$936,662,225",45.2%,"$1,134,647,993",54.8%,2015
tt4154756,6,Avengers: Infinity War,"$2,052,415,039","$678,815,482",33.1%,"$1,373,599,557",66.9%,2018,6,Avengers: Infinity War,"$2,052,415,039","$678,815,482",33.1%,"$1,373,599,557",66.9%,2018
tt10872600,7,Spider-Man: No Way Home,"$1,921,847,111","$814,115,070",42.4%,"$1,107,732,041",57.6%,2021,7,Spider-Man: No Way Home,"$1,921,847,111","$814,115,070",42.4%,"$1,107,732,041",57.6%,2021
tt0369610,8,Jurassic World,"$1,671,537,444","$653,406,625",39.1%,"$1,018,130,819",60.9%,2015,8,Jurassic World,"$1,671,537,444","$653,406,625",39.1%,"$1,018,130,819",60.9%,2015
tt6105098,9,The Lion King,"$1,663,075,401","$543,638,043",32.7%,"$1,119,437,358",67.3%,2019,9,The Lion King,"$1,663,075,401","$543,638,043",32.7%,"$1,119,437,358",67.3%,2019
tt0848228,10,The Avengers,"$1,520,538,536","$623,357,910",41%,"$897,180,626",59%,2012,10,The Avengers,"$1,520,538,536","$623,357,910",41%,"$897,180,626",59%,2012
tt2820852,11,Furious 7,"$1,515,341,399","$353,007,020",23.3%,"$1,162,334,379",76.7%,2015,11,Furious 7,"$1,515,341,399","$353,007,020",23.3%,"$1,162,334,379",76.7%,2015
tt1745960,12,Top Gun: Maverick,"$1,495,696,292","$718,732,821",48%,"$776,963,471",52%,2022,12,Top Gun: Maverick,"$1,495,696,292","$718,732,821",48%,"$776,963,471",52%,2022
tt4520988,13,Frozen II,"$1,453,683,476","$477,373,578",32.8%,"$976,309,898",67.2%,2019,13,Frozen II,"$1,453,683,476","$477,373,578",32.8%,"$976,309,898",67.2%,2019
tt2395427,14,Avengers: Age of Ultron,"$1,405,018,048","$459,005,868",32.7%,"$946,012,180",67.3%,2015,14,Avengers: Age of Ultron,"$1,405,018,048","$459,005,868",32.7%,"$946,012,180",67.3%,2015
tt1825683,15,Black Panther,"$1,349,926,083","$700,426,566",51.9%,"$649,499,517",48.1%,2018,15,Black Panther,"$1,349,926,083","$700,426,566",51.9%,"$649,499,517",48.1%,2018
tt6718170,16,The Super Mario Bros. Movie,"$1,346,497,584","$574,057,485",42.6%,"$772,440,099",57.4%,2023,16,The Super Mario Bros. Movie,"$1,346,497,584","$574,057,485",42.6%,"$772,440,099",57.4%,2023
tt1201607,17,Harry Potter and the Deathly Hallows: Part 2,"$1,342,359,942","$381,447,587",28.4%,"$960,912,355",71.6%,2011,17,Harry Potter and the Deathly Hallows: Part 2,"$1,342,359,942","$381,447,587",28.4%,"$960,912,355",71.6%,2011
tt2527336,18,Star Wars: Episode VIII - The Last Jedi,"$1,334,407,706","$620,181,382",46.5%,"$714,226,324",53.5%,2017,18,Star Wars: Episode VIII - The Last Jedi,"$1,334,407,706","$620,181,382",46.5%,"$714,226,324",53.5%,2017
tt4881806,19,Jurassic World: Fallen Kingdom,"$1,310,466,296","$417,719,760",31.9%,"$892,746,536",68.1%,2018,19,Jurassic World: Fallen Kingdom,"$1,310,466,296","$417,719,760",31.9%,"$892,746,536",68.1%,2018
tt2294629,20,Frozen,"$1,284,540,518","$400,953,009",31.2%,"$883,587,509",68.8%,2013,20,Frozen,"$1,284,540,518","$400,953,009",31.2%,"$883,587,509",68.8%,2013
tt2771200,21,Beauty and the Beast,"$1,266,115,964","$504,481,165",39.8%,"$761,634,799",60.2%,2017,21,Beauty and the Beast,"$1,266,115,964","$504,481,165",39.8%,"$761,634,799",60.2%,2017
tt3606756,22,Incredibles 2,"$1,243,225,667","$608,581,744",49%,"$634,643,923",51%,2018,22,Incredibles 2,"$1,243,225,667","$608,581,744",49%,"$634,643,923",51%,2018
tt4630562,23,The Fate of the Furious,"$1,236,005,118","$226,008,385",18.3%,"$1,009,996,733",81.7%,2017,23,The Fate of the Furious,"$1,236,005,118","$226,008,385",18.3%,"$1,009,996,733",81.7%,2017
tt1300854,24,Iron Man 3,"$1,215,577,205","$409,013,994",33.6%,"$806,563,211",66.4%,2013,24,Iron Man 3,"$1,215,577,205","$409,013,994",33.6%,"$806,563,211",66.4%,2013
tt2293640,25,Minions,"$1,159,444,662","$336,045,770",29%,"$823,398,892",71%,2015,25,Minions,"$1,159,444,662","$336,045,770",29%,"$823,398,892",71%,2015
tt3498820,26,Captain America: Civil War,"$1,155,046,416","$408,084,349",35.3%,"$746,962,067",64.7%,2016,26,Captain America: Civil War,"$1,155,046,416","$408,084,349",35.3%,"$746,962,067",64.7%,2016
tt1477834,27,Aquaman,"$1,148,528,393","$335,104,314",29.2%,"$813,424,079",70.8%,2018,27,Aquaman,"$1,148,528,393","$335,104,314",29.2%,"$813,424,079",70.8%,2018
tt0167260,28,The Lord of the Rings: The Return of the King,"$1,147,633,833","$379,427,292",33.1%,"$768,206,541",66.9%,2003,28,The Lord of the Rings: The Return of the King,"$1,147,633,833","$379,427,292",33.1%,"$768,206,541",66.9%,2003
tt1074638,29,Skyfall,"$1,142,471,295","$304,360,277",26.6%,"$838,111,018",73.4%,2012,29,Skyfall,"$1,142,471,295","$304,360,277",26.6%,"$838,111,018",73.4%,2012
tt6320628,30,Spider-Man: Far from Home,"$1,131,927,996","$390,532,085",34.5%,"$741,395,911",65.5%,2019,30,Spider-Man: Far from Home,"$1,131,927,996","$390,532,085",34.5%,"$741,395,911",65.5%,2019
tt4154664,31,Captain Marvel,"$1,131,416,446","$426,829,839",37.7%,"$704,586,607",62.3%,2019,31,Captain Marvel,"$1,131,416,446","$426,829,839",37.7%,"$704,586,607",62.3%,2019
tt1399103,32,Transformers: Dark of the Moon,"$1,123,794,079","$352,390,543",31.4%,"$771,403,536",68.6%,2011,32,Transformers: Dark of the Moon,"$1,123,794,079","$352,390,543",31.4%,"$771,403,536",68.6%,2011
tt0107290,33,Jurassic Park,"$1,109,802,321","$404,214,720",36.4%,"$705,587,601",63.6%,1993,33,Jurassic Park,"$1,109,802,321","$404,214,720",36.4%,"$705,587,601",63.6%,1993
tt2109248,34,Transformers: Age of Extinction,"$1,104,054,072","$245,439,076",22.2%,"$858,614,996",77.8%,2014,34,Transformers: Age of Extinction,"$1,104,054,072","$245,439,076",22.2%,"$858,614,996",77.8%,2014
tt1345836,35,The Dark Knight Rises,"$1,081,169,825","$448,149,584",41.4%,"$633,020,241",58.6%,2012,35,The Dark Knight Rises,"$1,081,169,825","$448,149,584",41.4%,"$633,020,241",58.6%,2012
tt2527338,36,Star Wars: Episode IX - The Rise of Skywalker,"$1,077,022,372","$515,202,542",47.8%,"$561,819,830",52.2%,2019,36,Star Wars: Episode IX - The Rise of Skywalker,"$1,077,022,372","$515,202,542",47.8%,"$561,819,830",52.2%,2019
tt7286456,37,Joker,"$1,074,458,282","$335,477,657",31.2%,"$738,980,625",68.8%,2019,37,Joker,"$1,074,458,282","$335,477,657",31.2%,"$738,980,625",68.8%,2019
tt1979376,38,Toy Story 4,"$1,073,841,394","$434,038,008",40.4%,"$639,803,386",59.6%,2019,38,Toy Story 4,"$1,073,841,394","$434,038,008",40.4%,"$639,803,386",59.6%,2019
tt0435761,39,Toy Story 3,"$1,067,316,101","$415,004,880",38.9%,"$652,311,221",61.1%,2010,39,Toy Story 3,"$1,067,316,101","$415,004,880",38.9%,"$652,311,221",61.1%,2010
tt0383574,40,Pirates of the Caribbean: Dead Man's Chest,"$1,066,179,747","$423,315,812",39.7%,"$642,863,935",60.3%,2006,40,Pirates of the Caribbean: Dead Man's Chest,"$1,066,179,747","$423,315,812",39.7%,"$642,863,935",60.3%,2006
tt3748528,41,Rogue One: A Star Wars Story,"$1,058,682,142","$533,539,991",50.4%,"$525,142,151",49.6%,2016,41,Rogue One: A Star Wars Story,"$1,058,682,142","$533,539,991",50.4%,"$525,142,151",49.6%,2016
tt6139732,42,Aladdin,"$1,054,304,000","$355,559,216",33.7%,"$698,744,784",66.3%,2019,42,Aladdin,"$1,054,304,000","$355,559,216",33.7%,"$698,744,784",66.3%,2019
tt1298650,43,Pirates of the Caribbean: On Stranger Tides,"$1,046,721,266","$241,071,802",23%,"$805,649,464",77%,2011,43,Pirates of the Caribbean: On Stranger Tides,"$1,046,721,266","$241,071,802",23%,"$805,649,464",77%,2011
tt3469046,44,Despicable Me 3,"$1,034,800,131","$264,624,300",25.6%,"$770,175,831",74.4%,2017,44,Despicable Me 3,"$1,034,800,131","$264,624,300",25.6%,"$770,175,831",74.4%,2017
tt2277860,45,Finding Dory,"$1,029,266,989","$486,295,561",47.2%,"$542,971,428",52.8%,2016,45,Finding Dory,"$1,029,266,989","$486,295,561",47.2%,"$542,971,428",52.8%,2016
tt0120915,46,Star Wars: Episode I - The Phantom Menace,"$1,027,082,707","$474,544,677",46.2%,"$552,538,030",53.8%,1999,46,Star Wars: Episode I - The Phantom Menace,"$1,027,082,707","$474,544,677",46.2%,"$552,538,030",53.8%,1999
tt2948356,47,Zootopia,"$1,025,521,689","$341,268,248",33.3%,"$684,253,441",66.7%,2016,47,Zootopia,"$1,025,521,689","$341,268,248",33.3%,"$684,253,441",66.7%,2016
tt1014759,48,Alice in Wonderland,"$1,025,468,216","$334,191,110",32.6%,"$691,277,106",67.4%,2010,48,Alice in Wonderland,"$1,025,468,216","$334,191,110",32.6%,"$691,277,106",67.4%,2010
tt0241527,49,Harry Potter and the Sorcerer's Stone,"$1,023,842,938","$318,886,962",31.2%,"$704,955,976",68.8%,2001,49,Harry Potter and the Sorcerer's Stone,"$1,023,842,938","$318,886,962",31.2%,"$704,955,976",68.8%,2001
tt0903624,50,The Hobbit: An Unexpected Journey,"$1,017,030,651","$303,030,651",29.8%,"$714,000,000",70.2%,2012,50,The Hobbit: An Unexpected Journey,"$1,017,030,651","$303,030,651",29.8%,"$714,000,000",70.2%,2012
tt0468569,51,The Dark Knight,"$1,006,234,167","$534,987,076",53.2%,"$471,247,091",46.8%,2008,51,The Dark Knight,"$1,006,234,167","$534,987,076",53.2%,"$471,247,091",46.8%,2008
tt8041270,52,Jurassic World Dominion,"$1,001,978,080","$376,851,080",37.6%,"$625,127,000",62.4%,2022,52,Jurassic World Dominion,"$1,001,978,080","$376,851,080",37.6%,"$625,127,000",62.4%,2022
tt2283362,53,Jumanji: Welcome to the Jungle,"$995,339,117","$404,540,171",40.6%,"$590,798,946",59.4%,2017,53,Jumanji: Welcome to the Jungle,"$995,339,117","$404,540,171",40.6%,"$590,798,946",59.4%,2017
tt0926084,54,Harry Potter and the Deathly Hallows: Part 1,"$977,070,383","$296,374,621",30.3%,"$680,695,762",69.7%,2010,54,Harry Potter and the Deathly Hallows: Part 1,"$977,070,383","$296,374,621",30.3%,"$680,695,762",69.7%,2010
tt1690953,55,Despicable Me 2,"$970,766,005","$368,065,385",37.9%,"$602,700,620",62.1%,2013,55,Despicable Me 2,"$970,766,005","$368,065,385",37.9%,"$602,700,620",62.1%,2013
tt0110357,56,The Lion King,"$968,511,805","$422,783,777",43.6%,"$545,728,028",56.4%,1994,56,The Lion King,"$968,511,805","$422,783,777",43.6%,"$545,728,028",56.4%,1994
tt3040964,57,The Jungle Book,"$967,724,775","$364,001,123",37.6%,"$603,723,652",62.4%,2016,57,The Jungle Book,"$967,724,775","$364,001,123",37.6%,"$603,723,652",62.4%,2016
tt2310332,58,The Hobbit: The Battle of the Five Armies,"$962,201,338","$255,138,261",26.5%,"$707,063,077",73.5%,2014,58,The Hobbit: The Battle of the Five Armies,"$962,201,338","$255,138,261",26.5%,"$707,063,077",73.5%,2014
tt0449088,59,Pirates of the Caribbean: At World's End,"$961,691,209","$309,420,425",32.2%,"$652,270,784",67.8%,2007,59,Pirates of the Caribbean: At World's End,"$961,691,209","$309,420,425",32.2%,"$652,270,784",67.8%,2007
tt1170358,60,The Hobbit: The Desolation of Smaug,"$959,027,992","$258,387,334",26.9%,"$700,640,658",73.1%,2013,60,The Hobbit: The Desolation of Smaug,"$959,027,992","$258,387,334",26.9%,"$700,640,658",73.1%,2013
tt9419884,61,Doctor Strange in the Multiverse of Madness,"$955,775,804","$411,331,607",43%,"$544,444,197",57%,2022,61,Doctor Strange in the Multiverse of Madness,"$955,775,804","$411,331,607",43%,"$544,444,197",57%,2022
tt0167261,62,The Lord of the Rings: The Two Towers,"$947,944,270","$342,952,511",36.2%,"$604,991,759",63.8%,2002,62,The Lord of the Rings: The Two Towers,"$947,944,270","$342,952,511",36.2%,"$604,991,759",63.8%,2002
tt0373889,63,Harry Potter and the Order of the Phoenix,"$942,278,045","$292,382,727",31%,"$649,895,318",69%,2007,63,Harry Potter and the Order of the Phoenix,"$942,278,045","$292,382,727",31%,"$649,895,318",69%,2007
tt0266543,64,Finding Nemo,"$941,637,960","$380,843,261",40.4%,"$560,794,699",59.6%,2003,64,Finding Nemo,"$941,637,960","$380,843,261",40.4%,"$560,794,699",59.6%,2003
tt5113044,65,Minions: The Rise of Gru,"$939,628,210","$369,695,210",39.3%,"$569,933,000",60.7%,2022,65,Minions: The Rise of Gru,"$939,628,210","$369,695,210",39.3%,"$569,933,000",60.7%,2022
tt0417741,66,Harry Potter and the Half-Blood Prince,"$934,519,387","$302,334,374",32.4%,"$632,185,013",67.6%,2009,66,Harry Potter and the Half-Blood Prince,"$934,519,387","$302,334,374",32.4%,"$632,185,013",67.6%,2009
tt0298148,67,Shrek 2,"$928,760,770","$441,226,247",47.5%,"$487,534,523",52.5%,2004,67,Shrek 2,"$928,760,770","$441,226,247",47.5%,"$487,534,523",52.5%,2004
tt0295297,68,Harry Potter and the Chamber of Secrets,"$925,668,380","$262,641,637",28.4%,"$663,026,743",71.6%,2002,68,Harry Potter and the Chamber of Secrets,"$925,668,380","$262,641,637",28.4%,"$663,026,743",71.6%,2002
tt1727824,69,Bohemian Rhapsody,"$910,809,311","$216,668,042",23.8%,"$694,141,269",76.2%,2018,69,Bohemian Rhapsody,"$910,809,311","$216,668,042",23.8%,"$694,141,269",76.2%,2018
tt13462900,70,The Battle at Lake Changjin,"$902,548,476","$342,411",<0.1%,"$902,206,065",100%,2021,70,The Battle at Lake Changjin,"$902,548,476","$342,411",<0.1%,"$902,206,065",100%,2021
tt0120737,71,The Lord of the Rings: The Fellowship of the Ring,"$898,204,420","$316,115,420",35.2%,"$582,089,000",64.8%,2001,71,The Lord of the Rings: The Fellowship of the Ring,"$898,204,420","$316,115,420",35.2%,"$582,089,000",64.8%,2001
tt0330373,72,Harry Potter and the Goblet of Fire,"$896,815,106","$290,469,928",32.4%,"$606,345,178",67.6%,2005,72,Harry Potter and the Goblet of Fire,"$896,815,106","$290,469,928",32.4%,"$606,345,178",67.6%,2005
tt0413300,73,Spider-Man 3,"$894,983,373","$336,530,303",37.6%,"$558,453,070",62.4%,2007,73,Spider-Man 3,"$894,983,373","$336,530,303",37.6%,"$558,453,070",62.4%,2007
tt2709768,74,The Secret Life of Pets,"$894,328,469","$368,384,330",41.2%,"$525,944,139",58.8%,2016,74,The Secret Life of Pets,"$894,328,469","$368,384,330",41.2%,"$525,944,139",58.8%,2016
tt1080016,75,Ice Age: Dawn of the Dinosaurs,"$886,686,817","$196,573,705",22.2%,"$690,113,112",77.8%,2009,75,Ice Age: Dawn of the Dinosaurs,"$886,686,817","$196,573,705",22.2%,"$690,113,112",77.8%,2009
tt2379713,76,Spectre,"$880,705,312","$200,074,609",22.7%,"$680,630,703",77.3%,2015,76,Spectre,"$880,705,312","$200,074,609",22.7%,"$680,630,703",77.3%,2015
tt2250912,77,Spider-Man: Homecoming,"$880,166,924","$334,201,140",38%,"$545,965,784",62%,2017,77,Spider-Man: Homecoming,"$880,166,924","$334,201,140",38%,"$545,965,784",62%,2017
tt1667889,78,Ice Age: Continental Drift,"$877,244,782","$161,321,843",18.4%,"$715,922,939",81.6%,2012,78,Ice Age: Continental Drift,"$877,244,782","$161,321,843",18.4%,"$715,922,939",81.6%,2012
tt2975590,79,Batman v Superman: Dawn of Justice,"$873,637,528","$330,360,194",37.8%,"$543,277,334",62.2%,2016,79,Batman v Superman: Dawn of Justice,"$873,637,528","$330,360,194",37.8%,"$543,277,334",62.2%,2016
tt1375666,80,Inception,"$870,792,649","$292,587,330",33.6%,"$578,205,319",66.4%,2010,80,Inception,"$870,792,649","$292,587,330",33.6%,"$578,205,319",66.4%,2010
tt7131870,81,Wolf Warrior 2,"$870,325,439","$2,721,100",0.3%,"$867,604,339",99.7%,2017,81,Wolf Warrior 2,"$870,325,439","$2,721,100",0.3%,"$867,604,339",99.7%,2017
tt0121766,82,Star Wars: Episode III - Revenge of the Sith,"$868,390,560","$380,270,577",43.8%,"$488,119,983",56.2%,2005,82,Star Wars: Episode III - Revenge of the Sith,"$868,390,560","$380,270,577",43.8%,"$488,119,983",56.2%,2005
tt1951264,83,The Hunger Games: Catching Fire,"$865,011,746","$424,668,047",49.1%,"$440,343,699",50.9%,2013,83,The Hunger Games: Catching Fire,"$865,011,746","$424,668,047",49.1%,"$440,343,699",50.9%,2013
tt3896198,84,Guardians of the Galaxy Vol. 2,"$863,756,051","$389,813,101",45.1%,"$473,942,950",54.9%,2017,84,Guardians of the Galaxy Vol. 2,"$863,756,051","$389,813,101",45.1%,"$473,942,950",54.9%,2017
tt9114286,85,Black Panther: Wakanda Forever,"$859,208,836","$453,829,060",52.8%,"$405,379,776",47.2%,2022,85,Black Panther: Wakanda Forever,"$859,208,836","$453,829,060",52.8%,"$405,379,776",47.2%,2022
tt2096673,86,Inside Out,"$858,848,019","$356,921,711",41.6%,"$501,926,308",58.4%,2015,86,Inside Out,"$858,848,019","$356,921,711",41.6%,"$501,926,308",58.4%,2015
tt1270797,87,Venom,"$856,085,151","$213,515,506",24.9%,"$642,569,645",75.1%,2018,87,Venom,"$856,085,151","$213,515,506",24.9%,"$642,569,645",75.1%,2018
tt3501632,88,Thor: Ragnarok,"$855,301,806","$315,058,289",36.8%,"$540,243,517",63.2%,2017,88,Thor: Ragnarok,"$855,301,806","$315,058,289",36.8%,"$540,243,517",63.2%,2017
tt1673434,89,The Twilight Saga: Breaking Dawn - Part 2,"$848,593,948","$292,324,737",34.4%,"$556,269,211",65.6%,2012,89,The Twilight Saga: Breaking Dawn - Part 2,"$848,593,948","$292,324,737",34.4%,"$556,269,211",65.6%,2012
tt6791350,90,Guardians of the Galaxy Vol. 3,"$844,765,282","$358,853,459",42.5%,"$485,911,823",57.5%,2023,90,Guardians of the Galaxy Vol. 3,"$844,765,282","$358,853,459",42.5%,"$485,911,823",57.5%,2023
tt1055369,91,Transformers: Revenge of the Fallen,"$836,303,693","$402,111,870",48.1%,"$434,191,823",51.9%,2009,91,Transformers: Revenge of the Fallen,"$836,303,693","$402,111,870",48.1%,"$434,191,823",51.9%,2009
tt0145487,92,Spider-Man,"$825,025,036","$407,022,860",49.3%,"$418,002,176",50.7%,2002,92,Spider-Man,"$825,025,036","$407,022,860",49.3%,"$418,002,176",50.7%,2002
tt0451279,93,Wonder Woman,"$822,854,286","$412,845,172",50.2%,"$410,009,114",49.8%,2017,93,Wonder Woman,"$822,854,286","$412,845,172",50.2%,"$410,009,114",49.8%,2017
tt13364790,94,"Hi, Mom","$822,009,764",-,-,"$822,009,764",100%,2021,94,"Hi, Mom","$822,009,764",-,-,"$822,009,764",100%,2021
tt0116629,95,Independence Day,"$817,400,891","$306,169,268",37.5%,"$511,231,623",62.5%,1996,95,Independence Day,"$817,400,891","$306,169,268",37.5%,"$511,231,623",62.5%,1996
tt2380307,96,Coco,"$814,337,054","$210,460,015",25.8%,"$603,877,039",74.2%,2017,96,Coco,"$814,337,054","$210,460,015",25.8%,"$603,877,039",74.2%,2017
tt3183660,97,Fantastic Beasts and Where to Find Them,"$814,044,001","$234,037,575",28.8%,"$580,006,426",71.2%,2016,97,Fantastic Beasts and Where to Find Them,"$814,044,001","$234,037,575",28.8%,"$580,006,426",71.2%,2016
tt0413267,98,Shrek the Third,"$813,367,380","$322,719,944",39.7%,"$490,647,436",60.3%,2007,98,Shrek the Third,"$813,367,380","$322,719,944",39.7%,"$490,647,436",60.3%,2007
tt7975244,99,Jumanji: The Next Level,"$801,693,929","$320,314,960",40%,"$481,378,969",60%,2019,99,Jumanji: The Next Level,"$801,693,929","$320,314,960",40%,"$481,378,969",60%,2019
tt0304141,100,Harry Potter and the Prisoner of Azkaban,"$797,660,766","$250,105,651",31.4%,"$547,555,115",68.6%,2004,100,Harry Potter and the Prisoner of Azkaban,"$797,660,766","$250,105,651",31.4%,"$547,555,115",68.6%,2004
tt1790809,101,Pirates of the Caribbean: Dead Men Tell No Tales,"$795,922,298","$172,558,876",21.7%,"$623,363,422",78.3%,2017,101,Pirates of the Caribbean: Dead Men Tell No Tales,"$795,922,298","$172,558,876",21.7%,"$623,363,422",78.3%,2017
tt0083866,102,E.T. the Extra-Terrestrial,"$792,910,554","$437,141,279",55.1%,"$355,769,275",44.9%,1982,102,E.T. the Extra-Terrestrial,"$792,910,554","$437,141,279",55.1%,"$355,769,275",44.9%,1982
tt4912910,103,Mission: Impossible - Fallout,"$791,657,398","$220,159,104",27.8%,"$571,498,294",72.2%,2018,103,Mission: Impossible - Fallout,"$791,657,398","$220,159,104",27.8%,"$571,498,294",72.2%,2018
tt1190080,104,2012,"$791,217,826","$166,112,167",21%,"$625,105,659",79%,2009,104,2012,"$791,217,826","$166,112,167",21%,"$625,105,659",79%,2009
tt0367882,105,Indiana Jones and the Kingdom of the Crystal Skull,"$790,653,942","$317,101,119",40.1%,"$473,552,823",59.9%,2008,105,Indiana Jones and the Kingdom of the Crystal Skull,"$790,653,942","$317,101,119",40.1%,"$473,552,823",59.9%,2008
tt0316654,106,Spider-Man 2,"$788,976,453","$373,585,825",47.4%,"$415,390,628",52.6%,2004,106,Spider-Man 2,"$788,976,453","$373,585,825",47.4%,"$415,390,628",52.6%,2004
tt1905041,107,Fast & Furious 6,"$788,680,968","$238,679,850",30.3%,"$550,001,118",69.7%,2013,107,Fast & Furious 6,"$788,680,968","$238,679,850",30.3%,"$550,001,118",69.7%,2013
tt5463162,108,Deadpool 2,"$785,896,609","$324,591,735",41.3%,"$461,304,874",58.7%,2018,108,Deadpool 2,"$785,896,609","$324,591,735",41.3%,"$461,304,874",58.7%,2018
tt1431045,109,Deadpool,"$782,836,791","$363,070,709",46.4%,"$419,766,082",53.6%,2016,109,Deadpool,"$782,836,791","$363,070,709",46.4%,"$419,766,082",53.6%,2016
tt0076759,110,Star Wars: Episode IV - A New Hope,"$775,398,007","$460,998,507",59.4%,"$314,399,500",40.6%,1977,110,Star Wars: Episode IV - A New Hope,"$775,398,007","$460,998,507",59.4%,"$314,399,500",40.6%,1977
tt2382320,111,No Time to Die,"$774,153,007","$160,891,007",20.8%,"$613,262,000",79.2%,2021,111,No Time to Die,"$774,153,007","$160,891,007",20.8%,"$613,262,000",79.2%,2021
tt0816692,112,Interstellar,"$773,430,538","$188,020,017",24.3%,"$585,410,521",75.7%,2014,112,Interstellar,"$773,430,538","$188,020,017",24.3%,"$585,410,521",75.7%,2014
tt2015381,113,Guardians of the Galaxy,"$773,350,147","$333,718,600",43.2%,"$439,631,547",56.8%,2014,113,Guardians of the Galaxy,"$773,350,147","$333,718,600",43.2%,"$439,631,547",56.8%,2014
tt1877830,114,The Batman,"$770,962,583","$369,345,583",47.9%,"$401,617,000",52.1%,2022,114,The Batman,"$770,962,583","$369,345,583",47.9%,"$401,617,000",52.1%,2022
tt10648342,115,Thor: Love and Thunder,"$760,928,081","$343,256,830",45.1%,"$417,671,251",54.9%,2022,115,Thor: Love and Thunder,"$760,928,081","$343,256,830",45.1%,"$417,671,251",54.9%,2022
tt6806448,116,Fast & Furious Presents: Hobbs & Shaw,"$760,732,926","$173,956,935",22.9%,"$586,775,991",77.1%,2019,116,Fast & Furious Presents: Hobbs & Shaw,"$760,732,926","$173,956,935",22.9%,"$586,775,991",77.1%,2019
tt0382625,117,The Da Vinci Code,"$760,006,945","$217,536,138",28.6%,"$542,470,807",71.4%,2006,117,The Da Vinci Code,"$760,006,945","$217,536,138",28.6%,"$542,470,807",71.4%,2006
tt1587310,118,Maleficent,"$759,853,685","$241,410,378",31.8%,"$518,443,307",68.2%,2014,118,Maleficent,"$759,853,685","$241,410,378",31.8%,"$518,443,307",68.2%,2014
tt0948470,119,The Amazing Spider-Man,"$757,930,663","$262,030,663",34.6%,"$495,900,000",65.4%,2012,119,The Amazing Spider-Man,"$757,930,663","$262,030,663",34.6%,"$495,900,000",65.4%,2012
tt1951265,120,The Hunger Games: Mockingjay - Part 1,"$755,356,711","$337,135,885",44.6%,"$418,220,826",55.4%,2014,120,The Hunger Games: Mockingjay - Part 1,"$755,356,711","$337,135,885",44.6%,"$418,220,826",55.4%,2014
tt0892791,121,Shrek Forever After,"$752,600,867","$238,736,787",31.7%,"$513,864,080",68.3%,2010,121,Shrek Forever After,"$752,600,867","$238,736,787",31.7%,"$513,864,080",68.3%,2010
tt1454468,122,Gravity,"$748,049,949","$274,092,705",36.6%,"$473,957,244",63.4%,2013,122,Gravity,"$748,049,949","$274,092,705",36.6%,"$473,957,244",63.4%,2013
tt1277953,123,Madagascar 3: Europe's Most Wanted,"$746,921,274","$216,391,482",29%,"$530,529,792",71%,2012,123,Madagascar 3: Europe's Most Wanted,"$746,921,274","$216,391,482",29%,"$530,529,792",71%,2012
tt1386697,124,Suicide Squad,"$746,846,894","$325,100,054",43.5%,"$421,746,840",56.5%,2016,124,Suicide Squad,"$746,846,894","$325,100,054",43.5%,"$421,746,840",56.5%,2016
tt1877832,125,X-Men: Days of Future Past,"$746,045,700","$233,921,534",31.4%,"$512,124,166",68.6%,2014,125,X-Men: Days of Future Past,"$746,045,700","$233,921,534",31.4%,"$512,124,166",68.6%,2014
tt0363771,126,"The Chronicles of Narnia: The Lion, the Witch and the Wardrobe","$745,013,115","$291,710,957",39.2%,"$453,302,158",60.8%,2005,126,"The Chronicles of Narnia: The Lion, the Witch and the Wardrobe","$745,013,115","$291,710,957",39.2%,"$453,302,158",60.8%,2005
tt1453405,127,Monsters University,"$743,559,645","$268,492,764",36.1%,"$475,066,881",63.9%,2013,127,Monsters University,"$743,559,645","$268,492,764",36.1%,"$475,066,881",63.9%,2013
tt0234215,128,The Matrix Reloaded,"$741,847,937","$281,576,461",38%,"$460,271,476",62%,2003,128,The Matrix Reloaded,"$741,847,937","$281,576,461",38%,"$460,271,476",62%,2003
tt1049413,129,Up,"$735,099,102","$293,004,164",39.9%,"$442,094,938",60.1%,2009,129,Up,"$735,099,102","$293,004,164",39.9%,"$442,094,938",60.1%,2009
tt10627720,130,Ne Zha,"$726,264,074","$3,695,533",0.5%,"$722,568,541",99.5%,2019,130,Ne Zha,"$726,264,074","$3,695,533",0.5%,"$722,568,541",99.5%,2019
tt5433138,131,F9: The Fast Saga,"$726,229,501","$173,005,945",23.8%,"$553,223,556",76.2%,2021,131,F9: The Fast Saga,"$726,229,501","$173,005,945",23.8%,"$553,223,556",76.2%,2021
tt1843866,132,Captain America: The Winter Soldier,"$714,421,503","$259,766,572",36.4%,"$454,654,931",63.6%,2014,132,Captain America: The Winter Soldier,"$714,421,503","$259,766,572",36.4%,"$454,654,931",63.6%,2014
tt1324999,133,The Twilight Saga: Breaking Dawn - Part 1,"$712,205,856","$281,287,133",39.5%,"$430,918,723",60.5%,2011,133,The Twilight Saga: Breaking Dawn - Part 1,"$712,205,856","$281,287,133",39.5%,"$430,918,723",60.5%,2011
tt1259571,134,The Twilight Saga: New Moon,"$711,025,481","$297,816,253",41.9%,"$413,209,228",58.1%,2009,134,The Twilight Saga: New Moon,"$711,025,481","$297,816,253",41.9%,"$413,209,228",58.1%,2009
tt2103281,135,Dawn of the Planet of the Apes,"$710,644,566","$208,545,589",29.4%,"$502,098,977",70.6%,2014,135,Dawn of the Planet of the Apes,"$710,644,566","$208,545,589",29.4%,"$502,098,977",70.6%,2014
tt0418279,136,Transformers,"$709,709,780","$319,246,193",45%,"$390,463,587",55%,2007,136,Transformers,"$709,709,780","$319,246,193",45%,"$390,463,587",55%,2007
tt1872181,137,The Amazing Spider-Man 2,"$708,982,323","$202,853,933",28.6%,"$506,128,390",71.4%,2014,137,The Amazing Spider-Man 2,"$708,982,323","$202,853,933",28.6%,"$506,128,390",71.4%,2014
tt5433140,138,Fast X,"$704,709,660","$145,960,660",20.7%,"$558,749,000",79.3%,2023,138,Fast X,"$704,709,660","$145,960,660",20.7%,"$558,749,000",79.3%,2023
tt1396484,139,It,"$701,842,551","$328,874,981",46.9%,"$372,967,570",53.1%,2017,139,It,"$701,842,551","$328,874,981",46.9%,"$372,967,570",53.1%,2017
tt7605074,140,The Wandering Earth,"$699,992,512","$5,971,413",0.8%,"$694,021,099",99.2%,2019,140,The Wandering Earth,"$699,992,512","$5,971,413",0.8%,"$694,021,099",99.2%,2019
tt1325004,141,The Twilight Saga: Eclipse,"$698,509,825","$300,531,751",43%,"$397,978,074",57%,2010,141,The Twilight Saga: Eclipse,"$698,509,825","$300,531,751",43%,"$397,978,074",57%,2010
tt1229238,142,Mission: Impossible - Ghost Protocol,"$694,713,380","$209,397,903",30.1%,"$485,315,477",69.9%,2011,142,Mission: Impossible - Ghost Protocol,"$694,713,380","$209,397,903",30.1%,"$485,315,477",69.9%,2011
tt0795421,143,Mamma Mia!,"$694,478,392","$144,169,664",20.8%,"$550,308,728",79.2%,2008,143,Mamma Mia!,"$694,478,392","$144,169,664",20.8%,"$550,308,728",79.2%,2008
tt1392170,144,The Hunger Games,"$694,394,724","$408,010,692",58.8%,"$286,384,032",41.2%,2012,144,The Hunger Games,"$694,394,724","$408,010,692",58.8%,"$286,384,032",41.2%,2012
tt10370822,145,Detective Chinatown 3,"$686,257,563",-,-,"$686,257,563",100%,2021,145,Detective Chinatown 3,"$686,257,563",-,-,"$686,257,563",100%,2021
tt2381249,146,Mission: Impossible - Rogue Nation,"$682,716,636","$195,042,377",28.6%,"$487,674,259",71.4%,2015,146,Mission: Impossible - Rogue Nation,"$682,716,636","$195,042,377",28.6%,"$487,674,259",71.4%,2015
tt3521164,147,Moana,"$682,685,900","$248,757,044",36.4%,"$433,928,856",63.6%,2016,147,Moana,"$682,685,900","$248,757,044",36.4%,"$433,928,856",63.6%,2016
tt0109830,148,Forrest Gump,"$678,226,465","$330,455,270",48.7%,"$347,771,195",51.3%,1994,148,Forrest Gump,"$678,226,465","$330,455,270",48.7%,"$347,771,195",51.3%,1994
tt1211837,149,Doctor Strange,"$677,796,076","$232,641,920",34.3%,"$445,154,156",65.7%,2016,149,Doctor Strange,"$677,796,076","$232,641,920",34.3%,"$445,154,156",65.7%,2016
tt9362722,150,Spider-Man: Across the Spider-Verse,"$675,477,893","$375,277,893",55.6%,"$300,200,000",44.4%,2023,150,Spider-Man: Across the Spider-Verse,"$675,477,893","$375,277,893",55.6%,"$300,200,000",44.4%,2023
tt0167404,151,The Sixth Sense,"$672,806,432","$293,506,292",43.6%,"$379,300,140",56.4%,1999,151,The Sixth Sense,"$672,806,432","$293,506,292",43.6%,"$379,300,140",56.4%,1999
tt0770828,152,Man of Steel,"$668,045,518","$291,045,518",43.6%,"$377,000,000",56.4%,2013,152,Man of Steel,"$668,045,518","$291,045,518",43.6%,"$377,000,000",56.4%,2013
tt0438097,153,Ice Age: The Meltdown,"$667,094,506","$195,330,621",29.3%,"$471,763,885",70.7%,2006,153,Ice Age: The Meltdown,"$667,094,506","$195,330,621",29.3%,"$471,763,885",70.7%,2006
tt1302011,154,Kung Fu Panda 2,"$665,692,281","$165,249,063",24.8%,"$500,443,218",75.2%,2011,154,Kung Fu Panda 2,"$665,692,281","$165,249,063",24.8%,"$500,443,218",75.2%,2011
tt0974015,155,Justice League,"$657,926,987","$229,024,295",34.8%,"$428,902,692",65.2%,2017,155,Justice League,"$657,926,987","$229,024,295",34.8%,"$428,902,692",65.2%,2017
tt2245084,156,Big Hero 6,"$657,869,686","$222,527,828",33.8%,"$435,341,858",66.2%,2014,156,Big Hero 6,"$657,869,686","$222,527,828",33.8%,"$435,341,858",66.2%,2014
tt4123430,157,Fantastic Beasts: The Crimes of Grindelwald,"$654,855,901","$159,555,901",24.4%,"$495,300,000",75.6%,2018,157,Fantastic Beasts: The Crimes of Grindelwald,"$654,855,901","$159,555,901",24.4%,"$495,300,000",75.6%,2018
tt0325980,158,Pirates of the Caribbean: The Curse of the Black Pearl,"$654,264,015","$305,413,918",46.7%,"$348,850,097",53.3%,2003,158,Pirates of the Caribbean: The Curse of the Black Pearl,"$654,264,015","$305,413,918",46.7%,"$348,850,097",53.3%,2003
tt1409024,159,Men in Black 3,"$654,213,485","$179,020,854",27.4%,"$475,192,631",72.6%,2012,159,Men in Black 3,"$654,213,485","$179,020,854",27.4%,"$475,192,631",72.6%,2012
tt0121765,160,Star Wars: Episode II - Attack of the Clones,"$653,779,970","$310,676,740",47.5%,"$343,103,230",52.5%,2002,160,Star Wars: Episode II - Attack of the Clones,"$653,779,970","$310,676,740",47.5%,"$343,103,230",52.5%,2002
tt1951266,161,The Hunger Games: Mockingjay - Part 2,"$653,428,261","$281,723,902",43.1%,"$371,704,359",56.9%,2015,161,The Hunger Games: Mockingjay - Part 2,"$653,428,261","$281,723,902",43.1%,"$371,704,359",56.9%,2015
tt1981115,162,Thor: The Dark World,"$644,783,140","$206,362,140",32%,"$438,421,000",68%,2013,162,Thor: The Dark World,"$644,783,140","$206,362,140",32%,"$438,421,000",68%,2013
tt3470600,163,Sing,"$634,338,384","$270,578,425",42.7%,"$363,759,959",57.3%,2016,163,Sing,"$634,338,384","$270,578,425",42.7%,"$363,759,959",57.3%,2016
tt0441773,164,Kung Fu Panda,"$632,083,197","$215,771,591",34.1%,"$416,311,606",65.9%,2008,164,Kung Fu Panda,"$632,083,197","$215,771,591",34.1%,"$416,311,606",65.9%,2008
tt0317705,165,The Incredibles,"$631,607,053","$261,441,092",41.4%,"$370,165,961",58.6%,2004,165,The Incredibles,"$631,607,053","$261,441,092",41.4%,"$370,165,961",58.6%,2004
tt3659388,166,The Martian,"$630,620,818","$228,433,663",36.2%,"$402,187,155",63.8%,2015,166,The Martian,"$630,620,818","$228,433,663",36.2%,"$402,187,155",63.8%,2015
tt0448157,167,Hancock,"$629,443,428","$227,946,274",36.2%,"$401,497,154",63.8%,2008,167,Hancock,"$629,443,428","$227,946,274",36.2%,"$401,497,154",63.8%,2008
tt16194408,168,Water Gate Bridge,"$626,571,697","$117,294",<0.1%,"$626,454,403",100%,2022,168,Water Gate Bridge,"$626,571,697","$117,294",<0.1%,"$626,454,403",100%,2022
tt1596343,169,Fast Five,"$626,137,675","$209,837,675",33.5%,"$416,300,000",66.5%,2011,169,Fast Five,"$626,137,675","$209,837,675",33.5%,"$416,300,000",66.5%,2011
tt1228705,170,Iron Man 2,"$623,933,331","$312,433,331",50.1%,"$311,500,000",49.9%,2010,170,Iron Man 2,"$623,933,331","$312,433,331",50.1%,"$311,500,000",49.9%,2010
tt0382932,171,Ratatouille,"$623,726,085","$206,445,654",33.1%,"$417,280,431",66.9%,2007,171,Ratatouille,"$623,726,085","$206,445,654",33.1%,"$417,280,431",66.9%,2007
tt5095030,172,Ant-Man and the Wasp,"$622,674,139","$216,648,740",34.8%,"$406,025,399",65.2%,2018,172,Ant-Man and the Wasp,"$622,674,139","$216,648,740",34.8%,"$406,025,399",65.2%,2018
tt1646971,173,How to Train Your Dragon 2,"$621,537,519","$177,002,924",28.5%,"$444,534,595",71.5%,2014,173,How to Train Your Dragon 2,"$621,537,519","$177,002,924",28.5%,"$444,534,595",71.5%,2014
tt3315342,174,Logan,"$619,179,950","$226,277,068",36.5%,"$392,902,882",63.5%,2017,174,Logan,"$619,179,950","$226,277,068",36.5%,"$392,902,882",63.5%,2017
tt0119567,175,The Lost World: Jurassic Park,"$618,638,999","$229,086,679",37%,"$389,552,320",63%,1997,175,The Lost World: Jurassic Park,"$618,638,999","$229,086,679",37%,"$389,552,320",63%,1997
tt0381061,176,Casino Royale,"$616,505,162","$167,445,960",27.2%,"$449,059,202",72.8%,2006,176,Casino Royale,"$616,505,162","$167,445,960",27.2%,"$449,059,202",72.8%,2006
tt0335345,177,The Passion of the Christ,"$612,054,506","$370,782,930",60.6%,"$241,271,576",39.4%,2004,177,The Passion of the Christ,"$612,054,506","$370,782,930",60.6%,"$241,271,576",39.4%,2004
tt0454876,178,Life of Pi,"$609,016,565","$124,987,023",20.5%,"$484,029,542",79.5%,2012,178,Life of Pi,"$609,016,565","$124,987,023",20.5%,"$484,029,542",79.5%,2012
tt1677720,179,Ready Player One,"$607,274,134","$137,715,350",22.7%,"$469,558,784",77.3%,2018,179,Ready Player One,"$607,274,134","$137,715,350",22.7%,"$469,558,784",77.3%,2018
tt3371366,180,Transformers: The Last Knight,"$605,425,157","$130,168,683",21.5%,"$475,256,474",78.5%,2017,180,Transformers: The Last Knight,"$605,425,157","$130,168,683",21.5%,"$475,256,474",78.5%,2017
tt0479952,181,Madagascar: Escape 2 Africa,"$603,900,354","$180,010,950",29.8%,"$423,889,404",70.2%,2008,181,Madagascar: Escape 2 Africa,"$603,900,354","$180,010,950",29.8%,"$423,889,404",70.2%,2008
tt0407304,182,War of the Worlds,"$603,873,119","$234,280,354",38.8%,"$369,592,765",61.2%,2005,182,War of the Worlds,"$603,873,119","$234,280,354",38.8%,"$369,592,765",61.2%,2005
tt0398286,183,Tangled,"$592,462,816","$200,821,936",33.9%,"$391,640,880",66.1%,2010,183,Tangled,"$592,462,816","$200,821,936",33.9%,"$391,640,880",66.1%,2010
tt0830515,184,Quantum of Solace,"$589,580,482","$168,368,427",28.6%,"$421,212,055",71.4%,2008,184,Quantum of Solace,"$589,580,482","$168,368,427",28.6%,"$421,212,055",71.4%,2008
tt0119654,185,Men in Black,"$589,390,539","$250,690,539",42.5%,"$338,700,000",57.5%,1997,185,Men in Black,"$589,390,539","$250,690,539",42.5%,"$338,700,000",57.5%,1997
tt0481499,186,The Croods,"$587,235,983","$187,168,425",31.9%,"$400,067,558",68.1%,2013,186,The Croods,"$587,235,983","$187,168,425",31.9%,"$400,067,558",68.1%,2013
tt1411697,187,The Hangover Part II,"$586,764,305","$254,464,305",43.4%,"$332,300,000",56.6%,2011,187,The Hangover Part II,"$586,764,305","$254,464,305",43.4%,"$332,300,000",56.6%,2011
tt0371746,188,Iron Man,"$585,796,247","$319,034,126",54.5%,"$266,762,121",45.5%,2008,188,Iron Man,"$585,796,247","$319,034,126",54.5%,"$266,762,121",45.5%,2008
tt0480249,189,I Am Legend,"$585,410,052","$256,393,010",43.8%,"$329,017,042",56.2%,2007,189,I Am Legend,"$585,410,052","$256,393,010",43.8%,"$329,017,042",56.2%,2007
tt0198781,190,"Monsters, Inc.","$579,707,738","$290,642,256",50.1%,"$289,065,482",49.9%,2001,190,"Monsters, Inc.","$579,707,738","$290,642,256",50.1%,"$289,065,482",49.9%,2001
tt6878882,191,Operation Red Sea,"$579,330,426","$1,543,547",0.3%,"$577,786,879",99.7%,2018,191,Operation Red Sea,"$579,330,426","$1,543,547",0.3%,"$577,786,879",99.7%,2018
tt0477347,192,Night at the Museum,"$574,481,229","$250,863,268",43.7%,"$323,617,961",56.3%,2006,192,Night at the Museum,"$574,481,229","$250,863,268",43.7%,"$323,617,961",56.3%,2006
tt2322441,193,Fifty Shades of Grey,"$569,651,467","$166,167,230",29.2%,"$403,484,237",70.8%,2015,193,Fifty Shades of Grey,"$569,651,467","$166,167,230",29.2%,"$403,484,237",70.8%,2015
tt3731562,194,Kong: Skull Island,"$566,652,812","$168,052,812",29.7%,"$398,600,000",70.3%,2017,194,Kong: Skull Island,"$566,652,812","$168,052,812",29.7%,"$398,600,000",70.3%,2017
tt0472181,195,The Smurfs,"$563,749,323","$142,614,158",25.3%,"$421,135,165",74.7%,2011,195,The Smurfs,"$563,749,323","$142,614,158",25.3%,"$421,135,165",74.7%,2011
tt5971474,196,The Little Mermaid,"$560,558,617","$296,107,607",52.8%,"$264,451,010",47.2%,2023,196,The Little Mermaid,"$560,558,617","$296,107,607",52.8%,"$264,451,010",47.2%,2023
tt1216475,197,Cars 2,"$559,852,396","$191,452,396",34.2%,"$368,400,000",65.8%,2011,197,Cars 2,"$559,852,396","$191,452,396",34.2%,"$368,400,000",65.8%,2011
tt0360717,198,King Kong,"$556,906,378","$218,080,025",39.2%,"$338,826,353",60.8%,2005,198,King Kong,"$556,906,378","$218,080,025",39.2%,"$338,826,353",60.8%,2005
tt0448694,199,Puss in Boots,"$554,987,477","$149,260,504",26.9%,"$405,726,973",73.1%,2011,199,Puss in Boots,"$554,987,477","$149,260,504",26.9%,"$405,726,973",73.1%,2011
tt4701660,200,The Mermaid,"$553,810,228","$3,232,685",0.6%,"$550,577,543",99.4%,2016,200,The Mermaid,"$553,810,228","$3,232,685",0.6%,"$550,577,543",99.4%,2016
